AmbientMoodProvider      	652	7864
Attackable               	315	2946
Attacker                 	316	14
Audio                    	653	1098
Blocking                 	274	7926
Bombarder                	317	9
Bridge                   	275	11
BuffFactory              	765	68
BuildPermit              	502	41
Building                 	276	7926
BuildingModule           	277	5592
BuildingUnique           	278	105
BusActivation            	279	51
BusStop                  	280	19
Collector                	320	126
CommandQueue             	321	137
Constructable            	281	7926
Cost                     	506	8052
Craftable                	322	126
Culture                  	282	2321
DelayedConstruction      	324	73
Diplomacy                	720	1
Distribution             	766	46
DistributionCenter       	283	9
DivingBell               	325	1
Dockland                 	284	6
Draggable                	326	126
Drifting                 	327	126
EcoSystemProvider        	329	543
Electrifiable            	768	492
ExpeditionAttribute      	677	126
ExpeditionUser           	721	1
Factory7                 	769	644
FactoryBase              	770	721
FeedbackController       	331	8050
FloorStackOwner          	285	1100
FreeAreaProductivity     	772	98
Heated                   	773	1
Highscore                	722	1
IncidentInfectable       	808	1924
IncidentInfluencer       	809	179
IncidentResolver         	810	71
Industrializable         	775	567
InfluenceSource          	287	1198
Infolayer                	334	8027
ItemContainer            	740	362
ItemReplacer             	336	10
ItemTransferHandler      	724	1
KontorOwner              	725	1
LoadingPier              	289	79
Locked                   	513	8041
LogisticNode             	778	2374
Maintenance              	779	2515
Market                   	780	14
Mesh                     	338	8041
MetaBuffHandler          	726	1
MetaBuildPermits         	727	1
MetaInfluence            	728	1
MetaItemStorageAccess    	290	7
MetaPersistent           	340	126
MinimapToken             	341	178
ModuleIrrigation         	781	5050
ModuleOwner              	291	92
MonoCulture              	782	75
Monument                 	292	3
Motorizable              	783	75
MusicInfluencer          	368	4
Nameable                 	344	155
Object                   	345	8053
Ornament                 	293	31
Palace                   	784	1
PalaceMinistry           	785	5
PalaceMonumentTracker    	294	6
ParticipantMessageObject 	729	1
ParticipantMessages      	730	1
Pausable                 	347	2701
Postbox                  	788	11
Powerplant               	789	6
Profile                  	731	1
ProfileCounter           	732	1
PublicService            	792	53
QuestObject              	310	877
RecipeBuilding           	762	80
Rentable                 	354	126
ResearchCenter           	355	1
Residence7               	793	1158
Selection                	357	8052
Sellable                 	358	126
ShipIncident             	359	126
ShipMaintenance          	360	126
Shipyard                 	296	4
Slot                     	297	38
SoundEmitter             	665	8052
SoundEmitterCommandBarks 	666	126
Stance                   	362	126
Standard                 	3	8053
StorageBase              	794	443
StreetActivation         	298	1193
Text                     	4	8053
TradeRouteVehicle        	364	126
TrainStation             	795	5
UniqueBuildingHandler    	733	1
Upgradable               	300	1487
UpgradeList              	846	2694
VisitorHarbor            	301	6
Walking                  	367	126
Warehouse                	797	377
WorkforceConnector       	302	9
WorldMapSound            	673	126
